AREA_EN,PROP_SB_TYPE_EN,transaction_count,avg_price_per_sqft,median_price_per_sqft,min_price_per_sqft,max_price_per_sqft,avg_trans_value,earliest_date,latest_date
ABU HAIL,Commercial,12,538.2,562.5,154.2,992.6,2432829.4,2026-01-19 11:51:36,2026-07-07 12:18:26
ABU HAIL,Residential,15,822.9,820.0,265.9,2322.6,2447770.6,2026-01-28 11:20:32,2026-07-16 16:14:12
ABU HAIL,Residential / Attached Villas,1,490.8,490.8,490.8,490.8,1018000.0,2026-04-10 11:36:25,2026-04-10 11:36:25
ABU HAIL,Residential Flats,2,366.9,366.9,137.1,596.7,992575.5,2026-02-05 08:06:20,2026-06-19 17:55:28
AL AWEER SECOND,Residential,1,422.8,422.8,422.8,422.8,1372000.0,2026-05-21 16:13:03,2026-05-21 16:13:03
AL BADA,Commercial,1,4400.0,4400.0,4400.0,4400.0,11000000.0,2026-05-07 14:12:41,2026-05-07 14:12:41
AL BADA,Government Housing,1,1609.7,1609.7,1609.7,1609.7,3500000.0,2026-01-26 09:23:23,2026-01-26 09:23:23
AL BADA,Residential,12,1988.0,1628.5,902.8,5200.0,6360451.0,2026-01-15 15:30:07,2026-07-03 14:03:14
AL BADA,Residential / Attached Villas,2,738.6,738.6,643.9,833.3,11200000.0,2026-02-05 11:43:19,2026-07-14 16:13:26
AL BADA,Shop,1,2166.7,2166.7,2166.7,2166.7,6500000.0,2026-01-27 15:16:52,2026-01-27 15:16:52
AL BARAHA,Commercial,2,1284.9,1284.9,480.0,2089.7,4605000.0,2026-02-20 10:57:55,2026-05-22 10:51:05
AL BARAHA,Residential,2,1685.7,1685.7,358.6,3012.8,9817583.2,2026-06-30 14:19:57,2026-07-16 15:51:56
AL BARARI,Commercial,6,3520.4,3974.1,1998.4,4258.5,45853833.3,2026-01-22 12:22:04,2026-06-24 15:20:33
AL BARARI,Flat,227,2376.4,2461.3,1207.9,3422.2,4249673.5,2026-01-13 13:24:12,2026-07-13 11:00:39
AL BARARI,Residential,12,3303.1,2928.9,1253.4,6706.5,43062499.8,2026-01-22 15:22:55,2026-06-23 16:42:33
AL BARSHA FIRST,Commercial,1,4679.7,4679.7,4679.7,4679.7,112500000.0,2026-06-30 16:01:31,2026-06-30 16:01:31
AL BARSHA FIRST,Flat,73,1688.4,1800.0,1112.1,2022.1,2453064.3,2026-01-20 11:16:27,2026-07-16 15:55:27
AL BARSHA FIRST,Shop,3,3300.0,3300.0,3300.0,3300.0,5789190.0,2026-07-09 13:04:47,2026-07-09 14:59:15
AL BARSHA SECOND,Commercial,1,3250.0,3250.0,3250.0,3250.0,130000000.0,2026-02-04 21:47:35,2026-02-04 21:47:35
AL BARSHA SECOND,Residential,7,647.1,566.7,413.3,1033.4,9500000.0,2026-01-05 13:15:11,2026-07-15 13:38:48
AL BARSHA THIRD,Government Housing,1,433.3,433.3,433.3,433.3,6500000.0,2026-04-18 11:17:26,2026-04-18 11:17:26
AL BARSHA THIRD,Residential,9,672.7,612.2,466.6,1266.7,9544444.4,2026-01-08 12:36:23,2026-06-17 14:44:12
AL BARSHAA SOUTH FIRST,Government Housing,4,489.2,515.7,392.0,533.3,5425000.0,2026-02-24 11:42:32,2026-07-09 11:53:03
AL BARSHAA SOUTH FIRST,Residential,1,551.0,551.0,551.0,551.0,8500000.0,2026-01-22 13:50:49,2026-01-22 13:50:49
AL BARSHAA SOUTH FIRST,School,1,341.5,341.5,341.5,341.5,43029892.4,2026-02-02 16:04:55,2026-02-02 16:04:55
AL BARSHAA SOUTH THIRD,Commercial,1,933.4,933.4,933.4,933.4,14000000.0,2026-07-06 14:05:30,2026-07-06 14:05:30
AL BARSHAA SOUTH THIRD,Flat,4,973.5,979.2,932.6,1003.2,793750.0,2026-01-19 10:59:27,2026-07-10 11:18:08
AL BARSHAA SOUTH THIRD,Residential Flats,1,1166.7,1166.7,1166.7,1166.7,17500000.0,2026-03-12 12:38:22,2026-03-12 12:38:22
AL BUTEEN,Commercial,1,1313.7,1313.7,1313.7,1313.7,1700000.0,2026-07-17 12:34:00,2026-07-17 12:34:00
AL DHAGAYA,Commercial,4,3746.1,3730.5,2183.2,5340.3,5352500.0,2026-02-18 11:05:48,2026-06-10 13:37:36
AL DHAGAYA,Residential,1,5783.1,5783.1,5783.1,5783.1,1700000.0,2026-07-08 14:43:27,2026-07-08 14:43:27
AL FURJAN,Commercial,20,1344.3,1418.8,322.0,2123.8,10458550.0,2026-01-07 11:37:16,2026-07-16 08:50:16
AL FURJAN,Flat,820,1366.6,1368.3,264.4,3005.3,1503291.8,2026-01-02 11:24:51,2026-07-18 10:35:57
AL FURJAN,Hotel Apartment,401,1472.7,1511.6,596.7,1976.4,645390.5,2026-01-02 11:42:24,2026-07-17 13:15:48
AL FURJAN,Office,2,1919.0,1919.0,1869.5,1968.5,3817225.0,2026-04-17 16:40:00,2026-07-11 09:59:09
AL FURJAN,Residential,51,1441.9,1378.1,831.2,3928.2,14539509.8,2026-01-05 14:55:46,2026-07-09 14:06:10
AL FURJAN,Shop,28,2479.4,2470.1,1198.7,4046.3,2996408.5,2026-01-17 15:11:36,2026-07-16 17:40:54
AL FURJAN,Villa,53,1795.6,1870.5,576.8,2418.8,3752387.1,2026-01-06 13:26:29,2026-07-17 12:13:11
AL GARHOUD,Residential,1,533.3,533.3,533.3,533.3,8000000.0,2026-07-02 16:52:11,2026-07-02 16:52:11
AL GOZE FIRST,Government Housing,1,1100.0,1100.0,1100.0,1100.0,10780000.0,2026-01-15 11:02:06,2026-01-15 11:02:06
AL GOZE FIRST,Residential,14,467.6,477.9,213.6,732.4,7798454.2,2026-01-20 11:21:29,2026-07-13 15:31:09
AL GOZE FOURTH,Government Housing,1,386.5,386.5,386.5,386.5,3000000.0,2026-02-04 10:27:05,2026-02-04 10:27:05
AL GOZE INDUSTRIAL SECOND,Industrial,1,625.0,625.0,625.0,625.0,25000000.0,2026-03-31 15:03:33,2026-03-31 15:03:33
AL HAMRIYA,Commercial,3,1394.7,980.8,132.2,3071.1,9810933.3,2026-01-08 12:07:47,2026-05-15 13:52:17
AL HEBIAH FIFTH,Flat,1253,1803.0,1853.4,788.5,2222.7,1012323.8,2026-01-05 11:24:06,2026-07-18 15:19:07
AL HEBIAH FIFTH,Office,36,3061.8,3050.6,2743.4,3329.8,7205298.3,2026-04-06 13:02:00,2026-07-14 11:14:39
AL HEBIAH FIFTH,Residential,536,1631.4,1629.6,134.6,2709.7,3518578.5,2026-01-02 12:03:06,2026-07-17 17:24:28
AL HEBIAH FIFTH,Villa,176,1552.1,1411.8,892.5,2336.0,2006284.6,2026-01-06 16:02:01,2026-07-15 11:46:20
AL HEBIAH FIRST,Flat,277,1929.4,2040.3,923.6,2521.4,993749.8,2026-02-11 13:10:23,2026-07-14 13:38:00
AL HEBIAH FIRST,Shop,2,3533.3,3533.3,3054.2,4012.5,3212189.5,2026-04-29 15:32:36,2026-06-17 18:48:46
AL HEBIAH FOURTH,General Use,9,2251.5,2337.5,725.9,3056.5,16439111.1,2026-01-16 10:52:59,2026-06-09 16:17:57
AL HEBIAH FOURTH,Land,46,1957.8,1954.4,430.1,3181.6,15285587.0,2026-01-02 10:06:27,2026-07-15 16:08:15
AL HEBIAH FOURTH,Residential,4,2135.7,2148.1,1646.1,2600.4,6900000.0,2026-01-05 08:26:34,2026-02-24 10:30:16
AL HEBIAH FOURTH,Villa,75,2401.6,2468.9,256.1,3099.4,5830247.4,2026-01-08 09:26:04,2026-07-13 13:17:04
AL HEBIAH SIXTH,Villa,186,1666.9,1699.2,696.0,2350.2,3837265.0,2026-01-02 09:56:40,2026-07-16 14:20:44
AL HEBIAH THIRD,Residential,96,2014.5,2106.4,618.0,2785.2,5780038.8,2026-01-05 10:22:35,2026-07-16 12:21:27
AL HEBIAH THIRD,Residential / Villas,1,1758.5,1758.5,1758.5,1758.5,4505000.0,2026-03-30 16:22:25,2026-03-30 16:22:25
AL JADAF,Flat,61,2281.4,2044.6,1161.0,5640.2,2805724.8,2026-01-02 12:40:30,2026-07-13 16:00:37
AL JAFLIYA,Residential,6,661.6,597.0,453.1,941.6,3237083.3,2026-01-22 11:39:20,2026-07-03 09:53:16
AL KARAMA,Commercial,7,2698.6,3516.4,738.5,3956.1,11327285.7,2026-01-05 08:28:15,2026-06-20 13:13:17
AL KARAMA,Residential,1,3604.5,3604.5,3604.5,3604.5,8200000.0,2026-02-06 12:44:53,2026-02-06 12:44:53
AL KHABEESI,Commercial,1,554.7,554.7,554.7,554.7,5500000.0,2026-02-17 10:34:29,2026-02-17 10:34:29
AL KHABEESI,Industrial,1,3125.0,3125.0,3125.0,3125.0,62500000.0,2026-06-25 12:29:00,2026-06-25 12:29:00
AL KHABEESI,Residential,1,1200.0,1200.0,1200.0,1200.0,2100000.0,2026-04-07 07:52:04,2026-04-07 07:52:04
AL KHABEESI,Warehouse,2,380.0,380.0,360.0,400.0,3800000.0,2026-03-02 09:31:36,2026-07-07 15:05:57
AL KHAIL HEIGHTS,Flat,57,938.9,934.2,621.7,1165.1,895346.7,2026-01-05 10:48:48,2026-07-08 12:25:58
AL KHAIL HEIGHTS,Villa,6,696.4,598.6,453.9,1097.6,4160006.7,2026-01-22 14:00:38,2026-06-25 16:45:55
AL KHAIRAN FIRST,Flat,1490,2684.0,2638.1,523.0,3628.4,3015199.4,2026-01-02 11:46:55,2026-07-17 15:41:21
AL KHAWANEEJ FIRST,Agricultural,2,404.5,404.5,320.0,489.1,18532320.0,2026-01-08 10:29:15,2026-05-20 08:53:25
AL KHAWANEEJ FIRST,General Use,9,591.0,594.0,553.5,607.5,9864000.0,2026-03-02 10:32:44,2026-06-23 08:38:23
AL KHAWANEEJ FIRST,Residential,9,712.4,773.4,355.6,1011.5,9325244.4,2026-01-13 12:06:13,2026-06-19 11:24:18
AL KHAWANEEJ SECOND,Agricultural,1,357.3,357.3,357.3,357.3,15500000.0,2026-06-11 13:31:26,2026-06-11 13:31:26
AL KHAWANEEJ SECOND,Government Housing,1,293.0,293.0,293.0,293.0,3000000.0,2026-06-03 12:53:03,2026-06-03 12:53:03
AL KHEERAN,Flat,17,1382.2,1342.8,783.7,1945.2,2788430.4,2026-01-14 13:13:15,2026-07-08 13:02:10
AL KHEERAN,Villa,1,2492.5,2492.5,2492.5,2492.5,8350000.0,2026-04-10 12:51:33,2026-04-10 12:51:33
AL KIFAF,Flat,151,2147.3,2179.4,1042.4,2791.0,2902144.0,2026-01-03 15:35:16,2026-07-16 10:59:33
AL MAMZER,Commercial,3,1017.9,1100.0,306.7,1647.0,28094434.3,2026-02-19 12:14:08,2026-07-01 12:15:20
AL MAMZER,General Use,2,1330.5,1330.5,644.3,2016.8,23000000.0,2026-01-12 09:39:42,2026-02-13 12:37:08
AL MAMZER,Residential,6,1169.2,614.4,400.0,3655.0,57933333.3,2026-01-06 12:12:34,2026-07-14 12:05:16
AL MAMZER,Sports Club,1,850.0,850.0,850.0,850.0,19214250.0,2026-01-22 13:41:13,2026-01-22 13:41:13
AL MAMZER,Villa,2,1559.1,1559.1,1340.6,1777.7,24000000.0,2026-02-20 12:54:14,2026-02-20 12:58:16
AL MANARA,Government Housing,1,906.1,906.1,906.1,906.1,27000000.0,2026-07-07 00:00:00,2026-07-07 00:00:00
AL MANARA,Residential,1,1103.5,1103.5,1103.5,1103.5,16000000.0,2026-02-05 14:37:18,2026-02-05 14:37:18
AL MARARR,Commercial,5,3710.9,3295.3,2648.7,5420.0,9757357.6,2026-01-27 07:58:11,2026-07-07 11:03:54
AL MARARR,Residential,4,2004.0,1165.9,295.3,5388.8,4162500.0,2026-04-09 13:24:49,2026-07-17 11:44:34
AL MERKADH,Flat,73,2076.9,2076.0,1675.7,2632.2,2115744.0,2026-01-06 10:50:48,2026-07-17 16:36:53
AL MERKADH,Residential,26,2293.6,2396.7,236.8,3127.9,14743846.2,2026-01-13 09:43:33,2026-07-16 13:32:41
AL MIZHAR FIRST,Government Housing,1,400.0,400.0,400.0,400.0,6000000.0,2026-05-15 10:33:31,2026-05-15 10:33:31
AL MIZHAR FIRST,Residential,6,381.3,415.0,291.0,433.3,5360833.3,2026-01-19 11:37:39,2026-07-01 15:29:16
AL MIZHAR FIRST,School,1,298.8,298.8,298.8,298.8,74592435.0,2026-06-23 08:26:42,2026-06-23 08:26:42
AL MIZHAR SECOND,Government Housing,1,250.0,250.0,250.0,250.0,5000000.0,2026-03-09 14:11:47,2026-03-09 14:11:47
AL MIZHAR SECOND,Residential,8,333.0,340.0,294.0,380.0,6232687.5,2026-01-12 12:51:32,2026-06-29 13:33:25
AL MURQABAT,Commercial,6,1396.8,1479.7,206.1,3044.7,8324286.2,2026-02-16 14:58:07,2026-07-17 11:59:42
AL MUTEENA,Commercial,7,1140.3,996.9,564.4,1689.5,8045000.0,2026-01-27 08:41:15,2026-07-14 15:01:00
AL MUTEENA,Residential,1,499.7,499.7,499.7,499.7,1400000.0,2026-02-04 15:13:04,2026-02-04 15:13:04
AL NAHDA SECOND,Commercial,7,2418.0,2700.0,185.9,3986.6,39232510.9,2026-02-16 09:39:16,2026-07-16 13:55:10
AL QUSAIS INDUSTRIAL FIFTH,Commercial,2,2120.1,2120.1,1396.5,2843.7,29518786.5,2026-01-21 09:35:42,2026-06-10 12:32:03
AL QUSAIS INDUSTRIAL FOURTH,Commercial,1,867.9,867.9,867.9,867.9,25000000.0,2026-02-05 13:03:51,2026-02-05 13:03:51
AL QUSAIS INDUSTRIAL FOURTH,Flat,4,721.3,674.2,650.2,886.7,425127.8,2026-01-19 12:36:58,2026-07-18 10:25:45
AL RAFFA,Commercial,2,1227.7,1227.7,1144.5,1311.0,9075001.5,2026-06-08 16:45:30,2026-06-23 13:20:53
AL RAS,Commercial,4,2743.8,1725.5,816.3,6707.8,4515435.9,2026-01-21 12:09:40,2026-06-09 11:27:36
AL RASHIDIYA,Government Housing,2,382.7,382.7,374.7,390.6,2450000.0,2026-01-21 14:36:57,2026-05-18 14:36:38
AL RASHIDIYA,Residential,27,364.2,412.9,93.8,591.3,2320031.1,2026-01-07 15:00:33,2026-07-15 11:30:00
AL SAFFA SECOND,Residential,1,701.5,701.5,701.5,701.5,28000000.0,2026-07-09 14:05:29,2026-07-09 14:05:29
AL SATWA,Flat,1054,2287.8,2277.6,749.2,3440.5,1465939.2,2026-01-02 09:37:26,2026-07-18 13:55:22
AL SATWA,Land,1,4747.5,4747.5,4747.5,4747.5,55000000.0,2026-07-03 10:28:46,2026-07-03 10:28:46
AL SATWA,Residential,10,1839.6,1737.2,486.7,3200.0,7163525.0,2026-01-02 10:21:57,2026-06-29 13:57:00
AL SATWA,Residential / Attached Villas,1,2040.8,2040.8,2040.8,2040.8,5000000.0,2026-03-13 11:11:53,2026-03-13 11:11:53
AL SATWA,Shop,11,3848.4,3877.6,2767.0,4872.0,3656112.3,2026-01-08 10:53:12,2026-05-14 11:39:34
AL SUQ AL KABEER,Commercial,11,2309.6,2456.1,479.7,4069.6,15030407.5,2026-01-05 15:59:33,2026-07-10 11:28:36
AL THANYAH FIFTH,Commercial,5,1354.8,1301.9,1286.8,1514.6,2098000.0,2026-01-30 09:21:52,2026-04-01 17:11:16
AL THANYAH FIFTH,Flat,623,2479.2,2499.6,1013.5,3133.6,2763615.9,2026-01-15 18:25:22,2026-07-17 18:01:39
AL THANYAH FIFTH,Shop,3,4421.8,4180.6,3967.4,5117.3,9633218.7,2026-06-08 18:58:26,2026-07-16 08:52:29
AL THANYAH THIRD,Villa,1,2241.3,2241.3,2241.3,2241.3,7000000.0,2026-05-04 11:03:01,2026-05-04 11:03:01
AL TTAY,Labor Camp,13,294.2,284.6,179.5,355.9,5098631.9,2026-01-02 10:13:50,2026-02-18 13:57:41
AL TWAR FIFTH,Residential,5,1041.2,555.9,200.0,3357.5,16930000.0,2026-01-14 11:42:49,2026-07-02 12:12:10
AL TWAR FIRST,Residential,4,287.6,290.1,257.8,312.5,2562500.0,2026-02-17 07:52:41,2026-07-08 10:32:23
AL TWAR FOURTH,Residential,11,298.1,273.9,99.2,688.9,1765300.0,2026-01-13 10:36:50,2026-07-08 12:51:29
AL TWAR SECOND,Government Housing,1,290.0,290.0,290.0,290.0,2900000.0,2026-05-21 10:04:19,2026-05-21 10:04:19
AL TWAR SECOND,Residential,8,307.9,295.5,226.7,400.0,3995625.0,2026-01-06 14:20:14,2026-06-10 12:27:15
AL TWAR THIRD,Residential,2,248.2,248.2,238.4,258.1,6105000.0,2026-02-19 12:47:35,2026-06-26 10:22:08
AL WAHA,Flat,4,1025.5,1035.6,897.5,1133.2,1772500.0,2026-01-23 11:43:41,2026-06-25 14:12:41
AL WAHA,Residential,9,951.3,941.7,755.4,1224.1,5092222.2,2026-01-05 17:44:34,2026-06-03 11:53:07
AL WAHEDA,Commercial,3,394.8,311.5,261.6,611.1,2450000.0,2026-02-23 21:53:54,2026-04-13 12:15:31
AL WAHEDA,Residential,19,459.8,440.0,179.6,804.3,2176052.6,2026-01-09 11:47:50,2026-07-16 13:57:35
AL WARQA FIRST,Commercial,2,1318.1,1318.1,800.1,1836.2,21000000.0,2026-03-17 15:32:29,2026-05-04 14:28:46
AL WARQA FIRST,Residential Flats,2,1083.5,1083.5,567.1,1600.0,16250000.0,2026-01-14 15:14:48,2026-03-11 15:00:05
AL WARQA FOURTH,Residential,3,387.6,335.3,319.3,508.2,4750000.0,2026-04-08 15:42:31,2026-07-08 14:05:33
AL WARQA FOURTH,Shopping Mall,1,175.0,175.0,175.0,175.0,9900000.0,2026-07-17 12:05:34,2026-07-17 12:05:34
AL WARQA SECOND,Residential,3,322.4,322.1,314.2,330.8,4333333.3,2026-01-12 11:48:04,2026-04-22 10:24:52
AL WARQA THIRD,Government Housing,1,341.7,341.7,341.7,341.7,4100000.0,2026-03-10 12:27:57,2026-03-10 12:27:57
AL WARQA THIRD,Residential,8,367.9,392.3,239.5,438.5,4940500.0,2026-02-03 13:27:42,2026-05-13 14:43:10
AL WARSAN SECOND,General Use,1,744.5,744.5,744.5,744.5,8700000.0,2026-01-19 13:34:35,2026-01-19 13:34:35
AL WARSAN SECOND,Labor Camp,1,1101.1,1101.1,1101.1,1101.1,16000000.0,2026-03-16 13:39:16,2026-03-16 13:39:16
AL WARSAN SECOND,Warehouse,1,595.3,595.3,595.3,595.3,8650088.0,2026-02-06 18:03:40,2026-02-06 18:03:40
AL WARSAN THIRD,Residential / Attached Villas,29,299.6,260.1,220.2,459.5,1575758.6,2026-01-06 10:54:35,2026-07-15 13:48:17
AL WARSAN THIRD,Residential / Villas,3,240.0,200.2,200.2,319.7,1201333.3,2026-06-29 11:28:41,2026-07-15 13:07:18
AL WASL,Flat,616,3320.4,3344.3,689.7,5177.4,4665478.9,2026-01-02 16:57:10,2026-07-17 11:58:48
AL WASL,Government Housing,2,1171.0,1171.0,1160.2,1181.8,13925000.0,2026-02-05 14:04:54,2026-03-23 13:25:17
AL WASL,Hotel Rooms,4,2478.0,2481.5,2456.0,2493.2,643099.5,2026-01-28 09:45:12,2026-05-21 14:49:51
AL WASL,Residential,10,1607.9,1013.3,134.2,5986.7,15025000.0,2026-02-02 12:42:33,2026-07-17 12:05:50
AL YELAYISS 1,Land,5,1656.3,1635.2,1525.5,1893.9,3389400.0,2026-01-12 17:08:24,2026-06-19 13:00:18
AL YELAYISS 1,Villa,3214,1827.4,1821.9,925.6,2436.8,3349090.1,2026-01-05 09:23:59,2026-07-17 15:21:00
AL YELAYISS 2,Flat,701,1631.8,1686.8,388.0,2196.2,1497765.9,2026-01-02 09:59:39,2026-07-17 14:46:57
AL YELAYISS 2,Villa,81,1416.7,1443.6,996.6,1668.5,3133604.9,2026-01-07 13:51:11,2026-07-15 12:51:33
AL YELAYISS 5,Commercial,900,1491.2,1482.3,915.8,1851.6,7880003.6,2026-02-11 12:01:54,2026-07-17 09:31:20
AL YUFRAH 1,Residential,162,1209.3,1178.1,771.4,2091.8,8372446.2,2026-01-07 16:05:28,2026-07-13 11:50:22
AL YUFRAH 1,Villa,287,1348.4,1395.0,121.4,1862.2,3319589.8,2026-01-02 11:49:26,2026-07-17 15:15:27
ARABIAN RANCHES I,Residential,74,1424.3,1369.0,870.8,3313.4,11638527.9,2026-01-06 12:15:36,2026-07-17 09:15:45
ARABIAN RANCHES I,Villa,59,1483.8,1453.1,840.6,2131.6,5095152.5,2026-01-05 10:51:15,2026-07-15 11:15:59
ARABIAN RANCHES II,Land,7,1271.8,1313.1,1014.9,1428.2,5928571.3,2026-01-16 12:14:41,2026-06-12 14:24:39
ARABIAN RANCHES II,Residential,25,1377.3,1379.8,860.2,1910.0,7889875.9,2026-01-07 10:49:17,2026-07-16 12:01:31
ARABIAN RANCHES II,Villa,14,1797.1,1802.6,1194.6,2296.0,4004642.9,2026-01-05 09:35:24,2026-07-07 09:48:52
ARABIAN RANCHES III,Villa,56,2143.3,2154.0,1162.1,3042.6,3419975.0,2026-01-02 11:19:58,2026-07-10 10:17:16
ARABIAN RANCHES POLO CLUB,Residential,3,1538.8,1501.6,1091.0,2024.0,36979962.7,2026-04-10 13:14:26,2026-07-09 16:16:56
ARJAN,Flat,1906,1584.7,1603.3,88.1,2442.3,1066759.3,2026-01-02 11:20:48,2026-07-18 14:51:37
ARJAN,Hotel Apartment,23,1240.9,1245.5,1140.5,1245.7,604307.9,2026-01-06 13:43:56,2026-01-07 14:56:32
ARJAN,Office,72,1569.6,1535.0,799.1,2186.2,1800284.0,2026-01-14 08:43:06,2026-07-03 11:06:08
ARJAN,Residential,2,1011.7,1011.7,1000.0,1023.4,68458000.0,2026-04-02 11:16:10,2026-07-01 12:21:09
ARJAN,Shop,51,2611.9,2700.0,1274.9,4104.6,3104484.3,2026-01-05 10:27:31,2026-07-04 23:33:01
BARSHA HEIGHTS,Commercial,4,3971.2,3988.3,3595.6,4312.8,96750000.0,2026-01-23 10:32:11,2026-07-17 11:08:36
BARSHA HEIGHTS,Flat,28,1334.6,1264.8,855.7,2186.0,1322707.4,2026-01-06 14:34:48,2026-07-15 10:44:04
BARSHA HEIGHTS,Hotel Apartment,28,2154.1,2204.7,1426.7,3014.8,909827.8,2026-01-26 17:10:47,2026-07-16 21:57:12
BARSHA HEIGHTS,Hotel Rooms,20,3127.7,3200.8,1842.6,4715.9,995090.3,2026-01-13 14:36:41,2026-07-09 16:00:25
BARSHA HEIGHTS,Office,93,1961.0,2000.0,815.3,3353.0,3344736.9,2026-01-02 09:42:13,2026-07-17 15:56:43
BARSHA HEIGHTS,Shop,2,2196.8,2196.8,2043.6,2350.0,23412355.0,2026-01-12 13:20:13,2026-03-03 12:37:35
BLUEWATERS,Flat,41,4978.8,4962.7,1491.7,6627.1,8117807.1,2026-01-08 13:16:57,2026-07-13 13:15:04
BUKADRA,Flat,714,2754.6,2903.1,1056.2,3095.0,2324859.2,2026-01-06 15:02:20,2026-07-17 16:55:21
BUKADRA,Residential,2,2970.7,2970.7,2904.7,3036.6,25208570.0,2026-03-26 11:14:11,2026-07-14 09:56:58
BUKADRA,Residential / Villas,1,3558.9,3558.9,3558.9,3558.9,29719242.0,2026-01-26 10:01:39,2026-01-26 10:01:39
BUKADRA,Sports Club,1,6693.3,6693.3,6693.3,6693.3,64840575.0,2026-04-09 09:23:22,2026-04-09 09:23:22
BURJ KHALIFA,Flat,1018,2885.9,2752.1,94.4,6525.8,4561166.7,2026-01-02 08:47:54,2026-07-17 14:19:46
BURJ KHALIFA,Hotel Apartment,170,3855.8,3715.9,100.9,6637.4,5372367.6,2026-01-02 08:25:49,2026-07-15 09:35:16
BURJ KHALIFA,Office,7,5144.8,5853.6,3165.7,6402.0,19606389.1,2026-01-13 12:50:00,2026-07-16 11:50:27
BURJ KHALIFA,Shop,2,3679.1,3679.1,2932.5,4425.7,4500000.0,2026-02-17 14:27:31,2026-04-03 12:57:16
BUSINESS BAY,Flat,2785,2448.0,2480.1,83.8,6606.9,2688761.9,2026-01-02 09:18:22,2026-07-18 14:50:19
BUSINESS BAY,Hotel Apartment,92,1769.9,1682.7,986.4,4242.6,1274525.9,2026-01-02 10:56:07,2026-07-16 13:13:12
BUSINESS BAY,Hotel Rooms,77,3511.5,3889.6,1412.4,5544.8,802768.1,2026-01-02 16:45:32,2026-07-17 11:47:53
BUSINESS BAY,Office,860,3812.5,4261.8,192.5,6747.2,8994292.9,2026-01-02 12:12:54,2026-07-18 08:51:24
BUSINESS BAY,Shop,62,3144.2,2986.8,717.6,6648.9,4847936.9,2026-01-09 16:22:04,2026-07-02 11:01:52
BUSINESS PARK,Flat,1328,3553.9,3557.2,2415.1,4215.0,1856805.5,2026-01-13 14:35:39,2026-07-16 11:21:06
BUSINESS PARK,Shop,2,5946.2,5946.2,5895.7,5996.8,8579329.0,2026-02-10 14:15:17,2026-06-29 16:57:30
BUSINESS PARK,Sports Club,1,1682.9,1682.9,1682.9,1682.9,575000000.0,2026-06-24 14:16:14,2026-06-24 14:16:14
CHERRYWOODS,Villa,14,1514.0,1574.2,1227.4,1729.0,3455357.1,2026-01-09 14:23:58,2026-07-16 09:39:59
CITY OF ARABIA,Flat,1068,1650.1,1692.1,667.6,2115.2,747563.0,2026-01-02 09:00:11,2026-07-17 17:50:07
CITY OF ARABIA,Residential,21,730.2,450.0,300.0,2111.8,109735146.9,2026-06-29 15:47:41,2026-07-06 19:06:34
CITY WALK,Flat,146,2751.9,2673.8,1735.7,4576.1,4989386.0,2026-01-08 13:23:31,2026-07-17 11:07:38
DAMAC HILLS,Flat,573,1576.8,1598.4,89.9,2170.3,1258647.0,2026-01-02 12:15:01,2026-07-17 17:37:03
DAMAC HILLS,Hotel Apartment,10,1221.5,1191.4,986.4,1697.3,801953.7,2026-01-13 10:41:16,2026-07-02 11:55:09
DAMAC HILLS,Hotel Rooms,8,1572.5,1590.5,1341.0,1802.0,1242139.2,2026-01-05 13:41:15,2026-06-04 14:21:25
DAMAC HILLS,Office,21,2470.5,2464.0,2197.5,2779.9,9040661.0,2026-01-28 10:46:47,2026-06-12 16:29:21
DAMAC HILLS,Residential,116,1513.2,1376.0,281.5,2912.3,5847376.9,2026-01-02 12:12:11,2026-07-17 12:50:47
DISCOVERY GARDENS,Flat,613,995.8,989.6,331.8,2148.8,763420.1,2026-01-02 11:08:23,2026-07-17 11:36:02
DISCOVERY GARDENS,Residential,3,2465.9,2382.0,1459.8,3556.0,37333333.3,2026-01-09 12:19:11,2026-02-03 16:11:01
DMCC-EZ2,Flat,257,2912.3,2910.0,2688.9,3080.0,2449949.5,2026-01-07 10:28:02,2026-07-15 16:06:39
DMCC-EZ2,Workshop,4,1284.0,1306.2,661.6,1862.2,683023.5,2026-02-16 15:35:07,2026-07-01 11:54:04
DOWN TOWN JABAL ALI,Commercial,1,720.1,720.1,720.1,720.1,19420370.0,2026-01-26 14:41:17,2026-01-26 14:41:17
DOWN TOWN JABAL ALI,Flat,368,1479.1,1504.6,303.4,2045.2,961981.8,2026-01-03 11:59:45,2026-07-18 14:35:48
DOWN TOWN JABAL ALI,Hotel Apartment,329,1560.4,1644.5,941.3,1838.9,770257.5,2026-01-02 10:15:15,2026-07-16 17:19:07
DOWN TOWN JABAL ALI,Office,49,1968.4,1919.2,1377.1,2579.8,1939093.0,2026-06-01 10:00:37,2026-07-18 15:11:43
DOWN TOWN JABAL ALI,Residential,1,2781.3,2781.3,2781.3,2781.3,240340500.0,2026-03-16 20:51:53,2026-03-16 20:51:53
DOWN TOWN JABAL ALI,Shop,1,1289.9,1289.9,1289.9,1289.9,880000.0,2026-02-25 12:26:22,2026-02-25 12:26:22
DUBAI CREEK HARBOUR,Flat,742,2366.1,2341.4,126.4,6248.5,2781835.5,2026-01-02 09:40:25,2026-07-17 12:50:38
DUBAI CREEK HARBOUR,Hotel Apartment,27,3413.8,3515.6,1826.3,4456.2,4077222.2,2026-01-06 13:41:04,2026-07-09 13:32:41
DUBAI DESIGN DISTRICT,Flat,7,2612.1,2583.3,2236.6,3305.0,3915000.0,2026-01-27 14:41:50,2026-07-01 14:35:57
DUBAI GOLF CITY,Villa,8,1553.4,1591.7,1108.8,1885.7,7087500.0,2026-01-16 11:10:45,2026-07-09 15:34:43
DUBAI HARBOUR,Flat,219,3694.4,3596.4,247.0,6673.1,5285960.3,2026-01-02 09:58:17,2026-07-17 12:36:12
DUBAI HEALTHCARE CITY - PHASE 1,Commercial,2,4396.5,4396.5,3528.1,5264.9,86250000.0,2026-02-11 12:16:46,2026-03-31 13:30:38
DUBAI HEALTHCARE CITY - PHASE 1,Flat,3,1767.5,1661.9,1425.3,2215.3,1788333.3,2026-06-04 13:37:04,2026-07-07 11:37:16
DUBAI HEALTHCARE CITY - PHASE 1,Office,2,1841.8,1841.8,1769.4,1914.3,3209387.2,2026-02-03 09:44:01,2026-02-23 12:03:57
DUBAI HEALTHCARE CITY - PHASE 2,Flat,421,1955.8,1967.7,673.8,4054.2,1745774.0,2026-01-02 16:20:44,2026-07-17 12:17:55
DUBAI HEALTHCARE CITY - PHASE 2,Shop,7,4095.2,4082.5,3496.3,4659.4,2582993.6,2026-03-03 16:01:24,2026-06-30 18:34:17
DUBAI HILLS,Flat,523,2318.4,2326.8,104.4,3693.3,2348524.0,2026-01-02 11:09:04,2026-07-17 11:03:54
DUBAI HILLS,Land,4,2044.3,2238.5,1382.0,2318.0,10500000.0,2026-01-09 15:16:55,2026-06-12 12:55:39
DUBAI HILLS,Residential,36,2389.5,2228.4,1261.5,5584.7,19594129.8,2026-01-07 10:24:51,2026-07-17 12:33:38
DUBAI HILLS,Residential Flats,39,2439.6,2287.5,427.6,5738.6,25956992.0,2026-01-05 17:39:14,2026-07-17 13:39:44
DUBAI HILLS,Shop,9,5688.7,5471.2,5471.2,6500.1,4180925.5,2026-04-16 13:32:46,2026-06-18 09:32:18
DUBAI HILLS,Villa,69,2121.1,2063.8,1325.5,4110.5,5769405.8,2026-01-02 10:19:50,2026-07-15 11:12:57
DUBAI INDUSTRIAL CITY,Flat,363,1419.6,1439.3,869.5,2000.3,667074.2,2026-01-02 09:58:36,2026-07-17 16:22:53
DUBAI INDUSTRIAL CITY,Industrial,45,242.4,181.3,85.6,1437.3,38402098.3,2026-01-06 08:07:51,2026-06-01 15:11:03
DUBAI INDUSTRIAL CITY,Residential Flats,2,248.8,248.8,158.4,339.3,10634431.6,2026-01-12 15:40:22,2026-03-16 11:27:19
DUBAI INDUSTRIAL CITY,Villa,18,929.4,989.9,459.9,1167.3,1929786.6,2026-01-03 14:13:24,2026-07-08 09:55:29
DUBAI INVESTMENT PARK FIRST,Commercial,32,375.2,202.7,83.1,1599.9,25402390.4,2026-01-14 16:27:24,2026-07-09 12:07:32
DUBAI INVESTMENT PARK FIRST,Flat,850,1028.8,1122.8,316.1,1657.3,838682.6,2026-01-05 23:17:11,2026-07-17 19:48:38
DUBAI INVESTMENT PARK FIRST,Office,15,714.2,713.3,411.0,949.8,1196454.0,2026-01-07 13:09:08,2026-04-03 11:06:41
DUBAI INVESTMENT PARK FIRST,Shop,4,1024.8,1021.9,913.9,1141.4,1120298.8,2026-01-19 18:34:37,2026-06-02 14:25:54
DUBAI INVESTMENT PARK FIRST,Villa,417,1235.8,1197.8,479.5,2580.6,2024174.1,2026-01-06 10:57:19,2026-07-17 17:02:01
DUBAI INVESTMENT PARK FIRST,Warehouse,1,733.4,733.4,733.4,733.4,4113239.0,2026-06-29 18:01:11,2026-06-29 18:01:11
DUBAI INVESTMENT PARK SECOND,Building,1,485.1,485.1,485.1,485.1,48000000.0,2026-01-16 11:59:10,2026-01-16 11:59:10
DUBAI INVESTMENT PARK SECOND,Commercial,29,308.4,261.9,126.4,1250.7,14781131.0,2026-01-15 12:41:58,2026-07-13 14:42:47
DUBAI INVESTMENT PARK SECOND,Flat,685,1332.6,1441.0,506.8,1858.1,1182905.3,2026-01-02 10:49:51,2026-07-17 15:31:31
DUBAI INVESTMENT PARK SECOND,Villa,326,1930.0,1860.6,570.0,2619.0,3852490.4,2026-01-02 08:40:27,2026-07-16 20:22:29
DUBAI INVESTMENT PARK SECOND,Warehouse,5,531.5,557.9,423.9,626.7,4622976.9,2026-01-07 10:02:40,2026-05-08 11:30:30
DUBAI LAND RESIDENCE COMPLEX,Commercial,15,1289.0,1237.5,560.6,2286.0,43909324.0,2026-01-08 11:35:56,2026-07-10 08:21:21
DUBAI LAND RESIDENCE COMPLEX,Flat,3923,1394.9,1434.9,247.7,2030.1,929977.9,2026-01-01 19:43:16,2026-07-18 18:26:32
DUBAI LAND RESIDENCE COMPLEX,Office,41,1545.5,1503.3,1055.5,2080.2,1780953.4,2026-01-06 08:56:08,2026-06-22 22:00:54
DUBAI LAND RESIDENCE COMPLEX,Shop,10,2735.9,2750.0,2444.0,3000.0,3804305.5,2026-01-06 11:34:03,2026-06-30 12:27:57
DUBAI LIFESTYLE CITY,Flat,15,1496.1,1473.0,1346.5,1666.5,1484840.9,2026-02-18 15:51:18,2026-07-09 16:49:37
DUBAI MARINA,Flat,954,2009.6,1853.6,95.6,5139.6,2541049.0,2026-01-02 07:49:32,2026-07-17 16:13:27
DUBAI MARINA,Hotel Apartment,1,2251.0,2251.0,2251.0,2251.0,1825000.0,2026-01-08 10:27:47,2026-01-08 10:27:47
DUBAI MARINA,Hotel Rooms,46,3586.4,3011.6,1096.9,6628.2,1445329.2,2026-01-08 08:45:38,2026-07-02 12:19:15
DUBAI MARINA,Office,4,2687.7,2571.1,2571.1,3037.5,10250031.2,2026-04-10 11:49:05,2026-07-14 14:04:43
DUBAI MARINA,Shop,16,2293.1,2108.1,1325.6,3131.6,3190064.7,2026-01-02 17:13:10,2026-07-13 16:31:13
DUBAI MARINA,Villa,3,1609.2,1485.0,1408.8,1933.7,6366666.7,2026-01-09 10:34:03,2026-04-28 15:45:19
DUBAI MARITIME CITY,Flat,780,3152.1,3266.4,1328.2,4771.4,2384086.6,2026-01-02 15:32:00,2026-07-17 18:18:53
DUBAI MARITIME CITY,Shop,16,4256.3,4000.0,3999.9,5000.5,3745765.0,2026-02-11 17:38:40,2026-04-09 16:19:25
DUBAI PRODUCTION CITY,Commercial,10,1064.4,939.2,340.8,2322.6,42979751.7,2026-01-06 09:17:43,2026-06-03 14:31:58
DUBAI PRODUCTION CITY,Flat,1803,1318.4,1336.4,630.2,2479.3,1010261.2,2026-01-02 12:19:40,2026-07-19 12:30:01
DUBAI PRODUCTION CITY,Residential Flats,1,875.0,875.0,875.0,875.0,23317670.0,2026-06-25 14:47:05,2026-06-25 14:47:05
DUBAI PRODUCTION CITY,Shop,6,1572.9,1785.1,694.0,2198.1,1710839.0,2026-01-29 12:11:37,2026-04-06 11:54:05
DUBAI SCIENCE PARK,Commercial,1,1361.7,1361.7,1361.7,1361.7,48000000.0,2026-01-06 20:31:23,2026-01-06 20:31:23
DUBAI SCIENCE PARK,Flat,849,1766.9,1726.3,815.7,2690.5,1374358.3,2026-01-02 11:29:10,2026-07-17 12:01:55
DUBAI SCIENCE PARK,Residential,7,1636.3,1620.9,1357.5,1903.0,6331428.6,2026-01-08 10:49:27,2026-06-25 11:10:02
DUBAI SCIENCE PARK,Shop,32,3271.2,3339.2,1774.7,3950.5,4100626.2,2026-01-13 15:11:23,2026-07-17 15:55:18
DUBAI SOUTH,Airport,8,711.9,698.6,223.0,1069.3,30887324.0,2026-01-20 22:56:08,2026-06-30 17:58:12
DUBAI SOUTH,Building,1,388.8,388.8,388.8,388.8,50000000.0,2026-04-24 10:22:57,2026-04-24 10:22:57
DUBAI SOUTH,Flat,1027,1259.9,1233.2,86.5,2332.2,1024248.7,2026-01-02 10:36:26,2026-07-18 17:43:24
DUBAI SOUTH,Hotel Apartment,5,956.8,940.7,822.0,1114.0,659000.0,2026-01-09 16:59:20,2026-04-14 11:05:41
DUBAI SOUTH,Shop,1,2169.5,2169.5,2169.5,2169.5,1084000.0,2026-02-19 02:26:26,2026-02-19 02:26:26
DUBAI SOUTH,Stacked Townhouses,3,1055.8,1098.7,829.9,1238.9,2266666.7,2026-01-19 08:13:55,2026-02-23 10:34:50
DUBAI SOUTH,Villa,5,1715.6,1737.2,1470.9,1992.2,2710000.0,2026-01-22 12:36:37,2026-02-26 09:40:51
DUBAI SPORTS CITY,Commercial,27,1670.4,1677.2,1131.2,2248.6,11266664.8,2026-01-09 10:18:17,2026-07-01 12:46:30
DUBAI SPORTS CITY,Flat,1484,1294.8,1310.3,338.0,2390.0,1035053.8,2026-01-02 11:44:31,2026-07-17 19:51:34
DUBAI SPORTS CITY,General Use,1,1679.4,1679.4,1679.4,1679.4,78614307.0,2026-06-23 16:11:03,2026-06-23 16:11:03
DUBAI SPORTS CITY,Government Housing,1,1437.1,1437.1,1437.1,1437.1,10750000.0,2026-07-16 11:23:13,2026-07-16 11:23:13
DUBAI SPORTS CITY,Hotel Apartment,2,813.3,813.3,813.3,813.3,300000.0,2026-01-26 14:04:08,2026-01-26 14:04:08
DUBAI SPORTS CITY,Hotel Rooms,55,3353.7,3490.8,2164.5,3963.7,1159092.8,2026-01-02 10:50:41,2026-06-30 17:06:11
DUBAI SPORTS CITY,Industrial,3,1520.9,1325.8,1280.1,1956.7,8353333.3,2026-03-31 15:59:15,2026-06-09 11:23:04
DUBAI SPORTS CITY,Office,63,2250.3,2286.7,600.0,2482.5,1104394.6,2026-01-02 16:32:36,2026-07-13 14:53:15
DUBAI SPORTS CITY,Residential,5,1713.7,1654.4,1459.3,2119.6,4434000.0,2026-01-14 11:03:05,2026-06-12 12:05:32
DUBAI STUDIO CITY,Flat,787,1481.2,1508.9,111.6,2497.7,805381.5,2026-01-02 10:43:23,2026-07-17 14:40:51
DUBAI STUDIO CITY,Hotel Rooms,126,3894.4,3864.6,1668.7,6328.8,593613.8,2026-01-02 11:29:51,2026-07-16 13:11:17
DUBAI STUDIO CITY,Shop,6,2800.4,2800.4,2799.3,2801.5,1794772.6,2026-04-17 11:56:44,2026-04-17 12:08:25
DUBAI STUDIO CITY,Villa,2,449.3,449.3,103.5,795.1,16250000.0,2026-04-07 10:29:39,2026-07-10 12:11:30
DUBAI WATER CANAL,Flat,129,3428.1,3067.7,1262.4,6405.0,11759990.9,2026-01-02 18:23:41,2026-07-15 13:50:18
DUBAI WATER CANAL,Residential,2,961.1,961.1,722.2,1200.0,7625000.0,2026-03-25 12:14:39,2026-06-30 14:12:30
DUBAI WATER CANAL,Shop,1,4500.7,4500.7,4500.7,4500.7,5000000.0,2026-02-09 14:49:30,2026-02-09 14:49:30
DUBAI WATER FRONT,Commercial,2,1497.7,1497.7,1478.1,1517.2,1525000.0,2026-02-06 11:18:19,2026-06-24 16:31:15
DUBAI WATER FRONT,Flat,9,767.2,748.0,597.4,875.0,725555.6,2026-01-22 13:30:43,2026-07-08 13:01:14
DUBAI WATER FRONT,Residential,1,757.7,757.7,757.7,757.7,6375000.0,2026-05-21 13:44:31,2026-05-21 13:44:31
EMAAR SOUTH,Airport,6,897.4,859.6,695.0,1069.5,4638125.0,2026-01-14 11:46:27,2026-06-24 10:43:02
EMAAR SOUTH,Commercial,1,1025.7,1025.7,1025.7,1025.7,4990000.0,2026-01-08 10:40:51,2026-01-08 10:40:51
EMAAR SOUTH,Flat,52,1268.8,1290.7,545.0,1911.7,1492683.6,2026-01-06 11:27:50,2026-07-10 13:13:56
EMAAR SOUTH,Residential,1,1079.7,1079.7,1079.7,1079.7,5750000.0,2026-06-01 11:18:25,2026-06-01 11:18:25
EMAAR SOUTH,Villa,84,1345.0,1429.4,628.5,1854.6,2593927.2,2026-01-05 12:00:55,2026-07-15 10:54:06
EMIRATE LIVING,Commercial,64,2052.6,1889.3,554.2,5280.5,23401396.7,2026-01-09 09:00:30,2026-07-17 10:03:02
EMIRATE LIVING,Shop,1,1337.3,1337.3,1337.3,1337.3,7700000.0,2026-02-20 12:56:19,2026-02-20 12:56:19
EMIRATE LIVING,Villa,191,1647.8,1669.6,96.4,2625.1,4629532.1,2026-01-05 13:57:34,2026-07-16 16:32:49
EYAL NASSER,Commercial,3,2586.8,3165.9,314.1,4280.3,7840000.0,2026-02-19 11:48:26,2026-04-14 14:36:18
FALCON CITY OF WONDERS,Flat,238,1664.2,1610.8,1245.1,2078.3,1528218.8,2026-01-02 11:55:13,2026-07-17 17:19:56
FALCON CITY OF WONDERS,Residential,14,923.0,920.3,399.4,1341.6,4767500.0,2026-01-05 14:58:52,2026-07-02 15:15:47
GARDEN VIEW,Commercial,37,101.3,102.6,93.5,122.8,645535.7,2026-02-19 14:08:23,2026-02-20 12:08:13
GHADEER AL TAIR,Residential,45,2132.4,2094.0,1253.5,3604.0,18302542.9,2026-01-08 08:26:57,2026-07-17 11:57:48
GRAND VIEWS,Residential,2,2006.3,2006.3,1360.9,2651.6,10950000.0,2026-02-17 13:37:02,2026-07-07 15:09:59
GRAND VIEWS,Villa,15,2268.4,2279.1,1869.6,2642.0,6272666.7,2026-01-07 15:55:57,2026-07-09 15:08:39
HADAEQ SHEIKH MOHAMMED BIN RASHID,Commercial,35,3320.8,3390.9,2081.5,4517.7,48377142.9,2026-01-13 16:41:03,2026-06-29 14:43:34
HADAEQ SHEIKH MOHAMMED BIN RASHID,Flat,666,2432.6,2426.5,530.7,6362.4,2621582.9,2026-01-02 08:15:36,2026-07-18 14:46:54
HADAEQ SHEIKH MOHAMMED BIN RASHID,General Use,20,3207.0,3202.9,2702.4,3618.2,27655075.0,2026-04-02 13:38:01,2026-05-19 09:31:13
HADAEQ SHEIKH MOHAMMED BIN RASHID,Residential,2,2551.2,2551.2,2444.8,2657.5,25750000.0,2026-01-29 14:09:31,2026-07-14 10:56:55
HADAEQ SHEIKH MOHAMMED BIN RASHID,Residential / Attached Villas,1,2449.1,2449.1,2449.1,2449.1,59880000.0,2026-04-03 10:46:47,2026-04-03 10:46:47
HADAEQ SHEIKH MOHAMMED BIN RASHID,Residential / Residential Villa,1,2915.9,2915.9,2915.9,2915.9,23540000.0,2026-04-07 09:26:10,2026-04-07 09:26:10
HADAEQ SHEIKH MOHAMMED BIN RASHID,Residential / Villas,123,2610.1,2555.7,1694.2,3408.6,25731909.9,2026-01-12 16:28:59,2026-06-23 15:06:15
HADAEQ SHEIKH MOHAMMED BIN RASHID,Residential Flats,16,2799.4,2982.3,1396.3,3727.8,20024447.9,2026-01-23 09:19:23,2026-07-07 12:33:27
HADAEQ SHEIKH MOHAMMED BIN RASHID,Villa,5,2839.9,2197.8,471.2,5287.7,6195130.2,2026-03-11 10:08:41,2026-06-10 11:01:15
HOR AL ANZ,Commercial,15,1204.6,1142.3,212.1,3396.1,4787149.1,2026-01-21 09:11:15,2026-07-09 13:09:18
HOR AL ANZ,Residential,45,1273.8,904.2,107.7,4395.7,3103621.5,2026-01-05 16:19:07,2026-07-17 13:15:33
HOR AL ANZ,Residential / Attached Villas,1,760.0,760.0,760.0,760.0,1900000.0,2026-04-01 13:21:26,2026-04-01 13:21:26
HOR AL ANZ EAST,Residential,2,174.2,174.2,115.7,232.7,1980000.0,2026-02-02 14:58:37,2026-02-11 11:40:23
HORIZON,Commercial,2,1957.7,1957.7,1877.3,2038.2,36500000.0,2026-02-26 10:59:18,2026-06-09 13:22:07
HORIZON,Flat,770,2348.3,2342.3,1165.7,5627.0,2450644.0,2026-01-02 09:18:43,2026-07-17 21:55:31
HORIZON,Office,74,3188.6,3253.3,1958.7,4029.7,9495348.9,2026-01-06 09:19:48,2026-07-07 18:05:19
HORIZON,Shop,17,3770.9,3748.8,2971.3,4639.5,6220316.4,2026-01-13 13:07:40,2026-07-15 15:56:35
HORIZON,Sports Club,5,3568.9,3716.3,2164.1,5079.3,106533750.0,2026-01-29 09:32:09,2026-05-08 11:50:05
INTERNATIONAL CITY PH 1,Commercial,30,1193.2,1241.4,435.5,1417.7,4388140.3,2026-01-12 11:30:18,2026-07-17 11:06:05
INTERNATIONAL CITY PH 1,Flat,837,802.1,712.2,207.8,1586.7,587188.2,2026-01-02 10:25:15,2026-07-19 14:33:59
INTERNATIONAL CITY PH 1,Office,50,1451.3,1526.2,664.5,1818.2,1792594.2,2026-01-08 16:45:07,2026-07-16 11:27:33
INTERNATIONAL CITY PH 1,Residential,1,1364.1,1364.1,1364.1,1364.1,21000000.0,2026-07-02 11:12:05,2026-07-02 11:12:05
INTERNATIONAL CITY PH 1,Shop,79,1101.9,1081.2,324.1,2035.2,782433.5,2026-01-05 12:21:19,2026-07-09 13:52:09
INTERNATIONAL CITY PH 2 & 3,Flat,854,1113.2,1144.2,139.0,2046.1,735463.0,2026-01-02 10:35:04,2026-07-18 11:22:18
INTERNATIONAL CITY PH 2 & 3,Residential Flats,1,415.1,415.1,415.1,415.1,11000000.0,2026-01-09 10:13:54,2026-01-09 10:13:54
INTERNATIONAL CITY PH 2 & 3,Shop,4,579.4,570.6,552.9,623.5,15250000.0,2026-01-15 13:04:53,2026-02-18 12:52:46
INTERNATIONAL CITY PH 2 & 3,Unit,16,1008.1,759.9,228.7,2602.4,29752768.9,2026-01-15 13:40:55,2026-07-09 11:54:46
ISLAND 2,Villa,2,3121.0,3121.0,2941.0,3301.0,11542750.0,2026-01-31 16:01:13,2026-01-31 16:24:43
JABAL ALI FIRST,Commercial,288,639.2,222.6,83.0,1973.7,2408115.4,2026-01-02 10:39:50,2026-07-17 17:27:44
JABAL ALI FIRST,Flat,1786,1972.7,1623.3,286.7,3330.0,1671524.4,2026-01-01 16:21:33,2026-07-18 14:52:03
JABAL ALI FIRST,Office,1,2564.4,2564.4,2564.4,2564.4,2256000.0,2026-07-02 15:23:13,2026-07-02 15:23:13
JABAL ALI FIRST,Residential,55,419.3,222.0,136.0,1801.1,1756636.3,2026-01-29 11:24:13,2026-06-16 12:40:26
JABAL ALI FIRST,Shop,21,6393.3,6500.0,5760.0,6500.0,11024023.4,2026-04-08 16:27:40,2026-06-30 10:36:22
JABAL ALI INDUSTRIAL FIRST,Industrial,5,1222.8,1296.0,952.8,1337.1,39800000.0,2026-01-07 12:37:19,2026-06-04 15:50:57
JABAL ALI INDUSTRIAL FIRST,Labor Camp,14,728.1,558.1,194.4,1611.6,13534285.7,2026-01-22 17:08:03,2026-07-13 13:09:50
JABAL ALI INDUSTRIAL SECOND,Commercial,1,2203.8,2203.8,2203.8,2203.8,167012955.0,2026-07-03 16:25:15,2026-07-03 16:25:15
JABAL ALI INDUSTRIAL SECOND,Flat,263,1660.7,1721.8,1021.4,2122.7,837733.2,2026-04-30 17:14:27,2026-07-18 15:31:19
JABAL ALI INDUSTRIAL SECOND,Shop,6,2868.5,2938.5,2433.6,3199.6,4557072.3,2026-07-18 13:56:46,2026-07-18 15:51:37
JADDAF WATERFRONT,Commercial,1,4210.1,4210.1,4210.1,4210.1,500000000.0,2026-01-22 16:25:18,2026-01-22 16:25:18
JADDAF WATERFRONT,Flat,225,1858.9,1887.2,579.2,3183.6,1848920.9,2026-01-05 10:19:37,2026-07-17 12:12:25
JADDAF WATERFRONT,Office,11,2422.4,2498.9,1429.4,3502.1,1908454.4,2026-01-14 10:36:49,2026-06-26 09:36:12
JADDAF WATERFRONT,Shop,4,3797.2,3777.3,3720.0,3914.2,1779375.0,2026-01-21 12:10:15,2026-07-18 08:42:45
JUMEIRA BAY,Villa,1,6721.9,6721.9,6721.9,6721.9,85000000.0,2026-01-09 10:09:07,2026-01-09 10:09:07
JUMEIRAH BEACH RESIDENCE,Flat,201,1980.5,1614.8,605.2,6701.7,3551875.4,2026-01-05 10:54:10,2026-07-17 10:54:16
JUMEIRAH BEACH RESIDENCE,Hotel Apartment,7,3963.0,4311.4,2201.9,5301.7,5414285.7,2026-01-08 11:48:52,2026-05-07 13:08:32
JUMEIRAH FIRST,Commercial,1,298.5,298.5,298.5,298.5,3325947.0,2026-07-17 11:48:11,2026-07-17 11:48:11
JUMEIRAH FIRST,Flat,27,3790.3,3685.4,734.7,6696.1,7672259.3,2026-01-08 11:44:06,2026-06-29 13:58:10
JUMEIRAH FIRST,Residential,31,1293.2,1297.0,214.9,3028.3,10817427.7,2026-01-08 09:57:21,2026-07-13 11:07:10
JUMEIRAH GOLF,Commercial,39,2418.3,2282.7,767.2,4991.6,24234564.1,2026-01-06 13:32:57,2026-07-13 17:56:24
JUMEIRAH GOLF,Flat,34,1532.4,1533.4,1218.9,1925.3,1860470.6,2026-01-13 13:44:42,2026-07-17 11:34:59
JUMEIRAH GOLF,Residential,20,2371.8,2119.4,1292.7,4259.1,14404950.0,2026-01-08 16:43:33,2026-07-06 11:08:23
JUMEIRAH GOLF,Villa,20,2761.8,2758.2,1539.4,5120.5,6199700.0,2026-01-06 11:36:22,2026-07-02 14:55:48
JUMEIRAH HEIGHTS,Flat,103,2456.1,2495.1,1556.6,2867.3,2809179.7,2026-01-01 19:43:35,2026-07-16 14:29:19
JUMEIRAH HEIGHTS,Shop,1,4679.5,4679.5,4679.5,4679.5,5767828.0,2026-04-24 17:14:18,2026-04-24 17:14:18
JUMEIRAH ISLANDS,Commercial,34,2589.6,2702.9,1393.8,3937.7,27745191.6,2026-01-02 10:41:19,2026-06-23 15:35:54
JUMEIRAH LAKES TOWERS,Flat,798,1790.3,1591.9,98.8,3600.0,1711458.5,2026-01-02 11:08:55,2026-07-18 14:01:56
JUMEIRAH LAKES TOWERS,Hotel Apartment,7,1062.8,1082.0,926.0,1300.6,462838.6,2026-01-29 12:18:57,2026-05-22 11:19:54
JUMEIRAH LAKES TOWERS,Office,356,2060.9,1698.5,280.0,5000.0,2720683.1,2026-01-05 12:25:17,2026-07-17 17:52:38
JUMEIRAH LAKES TOWERS,Residential,1,2043.0,2043.0,2043.0,2043.0,9600000.0,2026-03-26 10:11:52,2026-03-26 10:11:52
JUMEIRAH LAKES TOWERS,Shop,35,2761.6,2334.9,800.0,5000.0,3415880.7,2026-01-07 11:07:51,2026-06-25 17:32:02
JUMEIRAH LIVING,Flat,30,2738.8,2664.7,950.4,4744.0,4128997.4,2026-01-08 09:16:28,2026-07-06 13:26:11
JUMEIRAH PARK,Commercial,70,1414.1,1344.1,857.9,3191.0,10108285.9,2026-01-02 10:55:38,2026-07-16 16:27:40
JUMEIRAH PARK,Residential,4,2965.8,3081.9,2077.4,3622.1,21025000.0,2026-01-05 15:42:52,2026-04-27 16:51:13
JUMEIRAH PARK,Villa,2,2247.6,2247.6,1723.2,2771.9,5900000.0,2026-03-13 09:45:43,2026-04-02 09:43:21
JUMEIRAH SECOND,Flat,1,6583.1,6583.1,6583.1,6583.1,7300000.0,2026-05-04 10:27:00,2026-05-04 10:27:00
JUMEIRAH SECOND,Residential,3,627.1,799.3,160.3,921.7,6666666.7,2026-01-05 16:01:37,2026-06-24 11:34:10
JUMEIRAH THIRD,Residential,4,1302.8,1180.6,1100.0,1750.0,21925000.0,2026-02-12 13:53:56,2026-06-19 10:24:21
JUMEIRAH VILLAGE CIRCLE,Commercial,9,2702.8,2441.5,972.5,5339.3,49044606.7,2026-02-12 13:56:20,2026-07-07 16:11:41
JUMEIRAH VILLAGE CIRCLE,Flat,5352,1494.0,1473.3,88.3,3288.0,1084079.0,2026-01-02 08:50:25,2026-07-18 18:59:14
JUMEIRAH VILLAGE CIRCLE,Hotel Apartment,60,1246.0,1223.8,700.0,2186.4,1070863.1,2026-01-02 16:10:35,2026-07-18 08:51:09
JUMEIRAH VILLAGE CIRCLE,Hotel Rooms,51,2654.0,2689.0,1200.6,4628.9,1119117.7,2026-01-05 12:29:00,2026-07-18 11:02:58
JUMEIRAH VILLAGE CIRCLE,Office,69,1689.6,1787.4,571.6,2550.7,2113212.3,2026-01-06 12:06:03,2026-07-17 16:19:18
JUMEIRAH VILLAGE CIRCLE,Residential,21,1024.7,1050.7,230.8,1389.2,4382142.9,2026-02-04 12:09:41,2026-07-10 11:14:36
JUMEIRAH VILLAGE CIRCLE,School,1,431.5,431.5,431.5,431.5,37000000.0,2026-02-16 11:47:42,2026-02-16 11:47:42
JUMEIRAH VILLAGE CIRCLE,Shop,96,2500.5,2534.6,400.4,4612.1,4385737.9,2026-01-02 11:41:36,2026-07-16 16:38:52
JUMEIRAH VILLAGE CIRCLE,Show Rooms,6,1744.3,1814.5,615.7,3060.0,4181689.5,2026-02-05 11:57:29,2026-05-09 12:58:28
JUMEIRAH VILLAGE CIRCLE,Villa,103,1824.6,1722.5,878.0,3243.6,3482349.5,2026-01-02 09:03:13,2026-07-17 15:38:08
JUMEIRAH VILLAGE TRIANGLE,Commercial,2,1041.4,1041.4,808.6,1274.1,5950000.0,2026-02-19 17:23:26,2026-03-10 12:55:07
JUMEIRAH VILLAGE TRIANGLE,Flat,1705,1655.1,1675.0,465.0,2487.4,1166229.7,2026-01-02 11:29:28,2026-07-17 17:40:24
JUMEIRAH VILLAGE TRIANGLE,Hotel Apartment,3,1619.5,1481.0,1262.0,2115.5,1092419.8,2026-02-17 12:18:21,2026-04-25 17:23:08
JUMEIRAH VILLAGE TRIANGLE,Hotel Rooms,56,2370.6,1988.5,1184.7,4081.9,841822.1,2026-01-02 17:00:23,2026-07-14 17:16:00
JUMEIRAH VILLAGE TRIANGLE,Office,17,1988.4,2380.4,402.2,2877.2,3816101.8,2026-01-04 18:32:24,2026-07-16 17:15:43
JUMEIRAH VILLAGE TRIANGLE,Residential,60,1098.3,1067.4,667.4,2064.9,5985633.2,2026-01-02 13:39:35,2026-07-16 10:59:42
JUMEIRAH VILLAGE TRIANGLE,Shop,15,2211.5,2325.0,456.5,5694.7,2463705.0,2026-01-05 10:00:09,2026-06-10 14:20:45
JUMEIRAH VILLAGE TRIANGLE,Show Rooms,1,1952.0,1952.0,1952.0,1952.0,3312401.0,2026-01-12 10:50:17,2026-01-12 10:50:17
JUMEIRAH VILLAGE TRIANGLE,Villa,10,1927.1,1912.0,1291.1,2878.5,3990500.0,2026-02-04 09:50:58,2026-05-08 15:29:58
LA MER,Flat,43,2964.7,2903.2,2041.2,4975.4,3392054.4,2026-01-05 11:03:06,2026-07-15 13:29:47
LA MER,General Use,5,2721.5,3538.7,889.7,3540.4,95174420.0,2026-01-08 11:29:10,2026-03-10 13:25:59
LA MER,Villa,3,4122.6,4184.0,3440.9,4743.1,24347083.3,2026-02-27 10:15:06,2026-07-16 12:47:43
LIVING LEGENDS,Flat,175,1218.1,1193.4,233.5,2353.4,1338137.7,2026-01-02 08:37:27,2026-07-17 15:22:41
LIVING LEGENDS,Residential,20,832.5,823.5,534.7,1333.3,5548750.0,2026-01-05 09:54:37,2026-07-10 12:03:26
LIVING LEGENDS,Villa,2,1384.8,1384.8,1220.0,1549.5,3570000.0,2026-01-20 13:46:46,2026-02-27 16:51:24
LIWAN,Flat,481,1130.5,1090.3,101.1,2295.5,941065.9,2026-01-02 09:55:26,2026-07-19 10:38:10
LIWAN,Residential,2,941.4,941.4,904.6,978.2,25345472.5,2026-01-06 15:19:02,2026-01-13 12:15:59
LIWAN,Shop,3,2248.4,2370.0,2003.0,2372.3,1054666.7,2026-02-03 11:00:14,2026-02-28 14:52:24
LIWAN,Villa,1,889.3,889.3,889.3,889.3,2025000.0,2026-07-08 11:31:33,2026-07-08 11:31:33
LIWAN 2,Flat,5,1137.6,1119.5,1079.3,1270.3,1206200.0,2026-02-24 13:27:52,2026-06-08 10:14:21
LIWAN 2,Government Housing,1,1734.1,1734.1,1734.1,1734.1,14000000.0,2026-07-02 12:19:34,2026-07-02 12:19:34
LIWAN 2,Residential Flats,1,2224.5,2224.5,2224.5,2224.5,26500000.0,2026-01-20 14:05:44,2026-01-20 14:05:44
MADINAT AL MATAAR,Airport,51,952.6,973.3,90.6,1502.3,12052187.4,2026-01-05 14:49:32,2026-07-15 12:16:21
MADINAT AL MATAAR,Flat,8206,1716.2,1696.6,535.8,2566.2,1135811.7,2026-01-02 01:23:47,2026-07-17 20:00:56
MADINAT AL MATAAR,Land,34,1095.9,1121.2,585.7,1926.8,34937762.7,2026-01-09 12:40:29,2026-06-19 15:35:39
MADINAT AL MATAAR,Residential,3,1428.8,1525.4,1105.7,1655.2,11775000.0,2026-02-27 14:21:30,2026-07-16 14:43:26
MADINAT AL MATAAR,Shop,65,3713.9,3918.2,2019.7,5656.0,2572932.9,2026-01-02 16:03:06,2026-07-15 10:48:48
MADINAT AL MATAAR,Villa,406,1371.5,1348.0,753.9,2321.4,4594895.6,2026-01-02 10:56:23,2026-07-17 14:49:13
MADINAT DUBAI ALMELAHEYAH,Flat,654,3038.9,2905.0,176.5,5935.9,3674682.8,2026-01-05 10:38:46,2026-07-16 15:49:55
MADINAT DUBAI ALMELAHEYAH,Office,87,3683.1,3703.7,3252.1,4046.6,11508941.5,2026-01-09 09:25:06,2026-06-04 16:46:12
MADINAT DUBAI ALMELAHEYAH,Residential,1,606.2,606.2,606.2,606.2,13843306.5,2026-06-04 16:41:04,2026-06-04 16:41:04
MADINAT HIND 4,Flat,77,1148.6,1194.4,563.1,1474.8,818327.5,2026-01-05 11:47:44,2026-07-16 11:13:22
MADINAT HIND 4,Hotel Apartment,20,1068.3,1103.1,861.0,1258.9,569030.5,2026-01-16 17:36:18,2026-06-20 15:00:42
MADINAT HIND 4,Hotel Rooms,11,1346.1,1410.4,912.7,1491.4,508088.9,2026-01-05 11:26:49,2026-07-07 14:01:42
MADINAT HIND 4,Land,11,1131.2,1200.2,855.3,1489.9,1512727.3,2026-01-07 13:03:34,2026-07-01 11:15:19
MADINAT HIND 4,Residential,580,1005.7,1044.4,327.6,1744.8,1730305.1,2026-01-02 10:20:23,2026-07-17 15:43:46
MADINAT HIND 4,Shop,2,1542.7,1542.7,1532.0,1553.4,1950000.0,2026-02-05 12:12:11,2026-05-20 10:59:53
MAJAN,Flat,3062,1463.8,1436.3,588.1,2469.9,886228.2,2026-01-02 11:59:57,2026-07-19 13:31:10
MAJAN,Office,88,1697.7,1613.4,1127.2,2456.4,1751109.7,2026-01-05 10:12:18,2026-07-06 10:49:42
MAJAN,Residential,7,995.1,975.3,100.7,1821.7,22740857.1,2026-01-05 19:47:25,2026-04-16 15:34:33
MAJAN,Shop,65,2436.5,2437.2,850.6,4250.0,1849642.1,2026-01-16 16:55:45,2026-07-17 16:03:43
MANKHOOL,Commercial,2,2598.7,2598.7,2562.0,2635.5,35310000.0,2026-01-05 08:49:23,2026-02-10 11:20:02
MARSA DUBAI,Flat,290,4334.5,4469.7,166.9,6672.5,9561881.7,2026-01-02 12:10:55,2026-07-16 12:22:29
MARSA DUBAI,Hotel Rooms,6,4235.4,4058.3,3400.0,5285.7,6192399.9,2026-01-30 11:44:40,2026-07-03 12:21:00
MBR DISTRICT 1,Flat,76,1977.9,1914.1,226.2,2901.1,2136249.7,2026-01-09 16:47:52,2026-07-09 15:43:22
MBR DISTRICT 1,Residential,2,2787.6,2787.6,2223.1,3352.1,40500000.0,2026-05-01 08:54:19,2026-07-08 15:27:33
MBR DISTRICT 1,Villa,14,2914.8,2806.2,1858.1,4063.9,29604642.9,2026-01-08 16:49:35,2026-07-03 10:36:24
MBR DISTRICT 7,Flat,34,1727.6,1774.0,1246.4,2028.5,1014934.8,2026-01-09 10:54:44,2026-07-15 11:13:18
MBR DISTRICT 7,Villa,16,2313.9,2467.0,592.5,2807.4,3337468.8,2026-01-02 10:55:17,2026-07-08 10:52:15
ME'AISEM FIRST,Commercial,91,1771.8,1976.9,182.6,3244.8,13198134.4,2026-01-05 08:20:31,2026-07-16 09:37:54
ME'AISEM FIRST,Residential,15,3138.9,3050.0,2850.3,4389.1,7536446.6,2026-05-04 22:00:06,2026-05-20 22:00:21
ME'AISEM FIRST,Residential / Villas,2,1996.1,1996.1,1924.7,2067.5,12247000.0,2026-04-02 11:05:01,2026-04-16 15:53:30
ME'AISEM FIRST,Residential Flats,3,2292.4,2088.0,1769.6,3019.5,5935367.2,2026-04-15 13:40:50,2026-05-14 17:35:48
ME'AISEM FIRST,Villa,23,3746.3,4328.7,1418.4,4657.2,12022304.3,2026-01-14 13:07:53,2026-07-14 09:42:18
ME'AISEM SECOND,General Use,588,1730.5,1784.0,721.0,2179.2,18656367.3,2026-01-02 11:50:34,2026-07-10 13:42:54
ME'AISEM SECOND,Residential,2,1663.5,1663.5,1151.2,2175.9,13754776.0,2026-05-19 18:46:22,2026-07-02 15:22:39
MEDYAN RACE COURSE VILLAS,Sports Club,1,4449.2,4449.2,4449.2,4449.2,69500000.0,2026-01-30 11:48:45,2026-01-30 11:48:45
MEYDAN AVENUE,Flat,122,1621.9,1644.9,113.0,2537.4,2010465.5,2026-01-07 11:59:51,2026-07-15 10:15:59
MEYDAN AVENUE,Shop,5,3626.5,3584.5,1425.6,5991.4,2224709.7,2026-01-14 18:08:40,2026-06-08 14:15:50
MEYDAN ONE,Flat,685,2113.0,2098.8,571.6,4025.5,1269941.8,2026-01-02 11:22:15,2026-07-17 17:10:06
MEYDAN ONE,Land,14,547.1,500.2,499.5,660.2,23007415.6,2026-04-21 13:55:01,2026-04-23 13:20:02
MEYDAN ONE,Shop,35,4917.6,5078.8,1667.3,6498.4,3748401.3,2026-01-12 12:28:17,2026-07-14 18:02:33
MILLENNIUM,Residential,3,1634.5,1588.0,1333.6,1981.8,18716666.7,2026-01-05 11:18:10,2026-05-23 11:07:40
MINA RASHID,Flat,11,2698.9,2661.6,2137.2,3787.2,3602727.3,2026-01-20 16:42:35,2026-07-02 10:18:01
MIRA,Government Housing,1,415.6,415.6,415.6,415.6,127912035.0,2026-05-07 14:04:16,2026-05-07 14:04:16
MIRA,Villa,95,1198.8,1228.0,409.5,1572.3,3509931.1,2026-01-06 09:16:13,2026-07-17 10:30:57
MIRDIF,Flat,75,1231.9,1296.0,779.1,1890.2,1743023.7,2026-01-07 12:44:41,2026-07-17 16:37:16
MIRDIF,Government Housing,1,274.3,274.3,274.3,274.3,3950000.0,2026-01-22 14:28:33,2026-01-22 14:28:33
MIRDIF,Residential,20,537.7,502.9,86.0,1214.5,5633282.4,2026-01-12 13:22:41,2026-06-26 11:09:20
MIRDIF,Residential / Attached Villas,2,591.6,591.6,515.3,668.0,6014550.0,2026-06-10 10:51:11,2026-06-12 12:11:25
MIRDIF,Residential / Villas,4,515.1,519.1,500.0,522.3,5163011.2,2026-06-02 13:32:53,2026-07-07 17:42:40
MIRDIF,Shop,3,1875.0,1875.0,1875.0,1875.0,16042806.3,2026-01-06 12:55:59,2026-01-07 07:36:10
MIRDIF,Villa,1,1800.3,1800.3,1800.3,1800.3,4320000.0,2026-06-25 11:19:50,2026-06-25 11:19:50
MOTOR CITY,Flat,1315,1588.5,1660.0,336.6,2726.9,1410032.3,2026-01-05 10:34:04,2026-07-17 15:21:18
MOTOR CITY,Office,20,1759.7,1800.0,403.7,2339.0,5558238.1,2026-01-15 15:47:29,2026-06-30 14:44:56
MOTOR CITY,Shop,51,4031.0,4500.0,1385.7,5000.0,6852786.6,2026-01-13 07:34:35,2026-07-17 17:00:23
MOTOR CITY,Villa,14,1389.0,1410.9,849.6,2019.5,8757142.9,2026-02-16 13:27:22,2026-07-13 08:51:01
MUDON,Flat,14,1356.2,1428.1,1007.2,1675.5,1435476.5,2026-01-06 13:53:36,2026-07-09 15:41:43
MUDON,Residential,67,1340.7,1410.7,724.3,1761.8,4126520.2,2026-01-02 11:54:32,2026-07-17 09:20:13
MUDON,Villa,2,1309.6,1309.6,1265.4,1353.9,4050000.0,2026-02-02 12:20:08,2026-02-13 10:01:58
MUHAISANAH FIRST,Flat,26,1364.7,1377.9,949.7,1737.5,1961806.9,2026-01-02 08:49:27,2026-07-14 14:42:02
MUHAISANAH FIRST,Residential,7,340.2,309.7,164.4,590.7,4698214.3,2026-01-21 12:01:02,2026-07-13 12:13:05
MUHAISANAH FOURTH,Commercial,2,2610.8,2610.8,2577.4,2644.2,53500000.0,2026-01-12 14:06:26,2026-01-12 14:32:57
MUHAISANAH FOURTH,Residential,1,1634.5,1634.5,1634.5,1634.5,21000000.0,2026-02-17 13:45:35,2026-02-17 13:45:35
MUHAISANAH SECOND,Industrial,1,480.0,480.0,480.0,480.0,2400000.0,2026-06-22 13:20:06,2026-06-22 13:20:06
MUHAISANAH THIRD,Residential,3,215.6,233.3,180.0,233.3,3233333.3,2026-01-20 09:46:01,2026-03-11 12:53:49
NAD AL HAMAR,Commercial,7,768.0,851.4,150.0,1302.0,32538049.9,2026-01-26 15:02:55,2026-05-11 09:46:56
NAD AL HAMAR,Flat,33,1109.1,1088.0,637.2,1421.8,1179774.2,2026-01-06 11:53:27,2026-07-17 09:50:03
NAD AL HAMAR,Residential,8,339.0,315.0,273.3,466.7,4812500.0,2026-01-23 10:09:37,2026-05-14 14:49:17
NAD AL SHEBA GARDENS,Flat,55,1880.7,1900.9,1160.1,2423.9,1922218.6,2026-01-12 14:29:08,2026-07-18 17:32:40
NAD AL SHEBA GARDENS,Residential Flats,2,3679.5,3679.5,2231.0,5128.0,55250000.0,2026-01-13 14:34:01,2026-04-25 13:30:58
NAD AL SHEBA GARDENS,Villa,22,2053.7,1972.4,1111.2,3597.4,15070454.5,2026-01-02 10:40:45,2026-07-16 11:47:36
NAD AL SHIBA FIRST,Commercial,4,1102.6,1129.4,917.9,1233.8,29975000.0,2026-01-09 09:57:25,2026-06-17 16:02:05
NAD AL SHIBA FIRST,Flat,80,2065.5,2073.5,1301.2,2600.3,2014601.8,2026-01-06 12:21:45,2026-07-02 12:45:40
NAD AL SHIBA FIRST,Residential,111,2151.6,2158.0,1404.1,2514.1,15376711.7,2026-01-02 08:40:18,2026-07-09 11:37:31
NAD AL SHIBA FIRST,Residential / Villas,2,2358.9,2358.9,2296.1,2421.7,12250000.0,2026-01-15 20:12:07,2026-06-22 13:26:51
NAD AL SHIBA FIRST,Shop,3,3564.8,3583.2,3497.9,3613.4,1904333.3,2026-01-10 14:05:24,2026-04-30 12:22:25
NAD AL SHIBA FIRST,Villa,172,2563.5,2502.1,1360.7,3318.0,6961842.0,2026-01-02 08:15:55,2026-07-17 10:29:59
NAD AL SHIBA FOURTH,Government Housing,2,838.0,838.0,676.1,999.9,13750000.0,2026-01-08 12:54:30,2026-02-13 13:37:13
NAD AL SHIBA SECOND,Government Housing,1,427.2,427.2,427.2,427.2,20000000.0,2026-03-26 11:54:29,2026-03-26 11:54:29
NAD AL SHIBA SECOND,Residential,1,610.0,610.0,610.0,610.0,16627239.0,2026-06-25 15:44:45,2026-06-25 15:44:45
NAD SHAMMA,Residential,2,322.4,322.4,290.7,354.1,3880000.0,2026-01-13 12:52:11,2026-04-02 13:12:54
NADD HESSA,Government Housing,1,345.9,345.9,345.9,345.9,4200000.0,2026-04-21 11:46:21,2026-04-21 11:46:21
NAIF,Commercial,11,2365.8,2106.8,1167.2,4002.7,15027272.7,2026-01-05 15:52:48,2026-06-22 12:12:41
NAIF,Residential,2,2378.2,2378.2,218.2,4538.1,8790971.4,2026-04-24 09:49:19,2026-07-08 21:49:54
OUD METHA,Commercial,2,2652.8,2652.8,1400.0,3905.7,36500000.0,2026-03-24 15:04:15,2026-06-24 12:41:32
PALM DEIRA,Commercial,33,1670.0,1605.1,225.0,2773.1,16481589.1,2026-01-02 13:23:39,2026-07-16 09:47:28
PALM DEIRA,Flat,2980,2799.0,2835.5,671.5,6269.8,3472845.3,2026-01-02 10:17:03,2026-07-17 17:30:43
PALM DEIRA,Hotel Apartment,146,3617.4,3722.6,1929.4,4715.0,3863017.1,2026-01-02 15:07:16,2026-07-17 18:09:31
PALM DEIRA,Hotel Rooms,22,3887.1,3929.8,3216.5,4272.5,3158006.6,2026-01-24 18:04:46,2026-07-13 17:28:36
PALM DEIRA,Residential Flats,1,2544.7,2544.7,2544.7,2544.7,90000000.0,2026-01-05 20:45:53,2026-01-05 20:45:53
PALM DEIRA,Shop,5,5295.1,5548.3,4604.0,5786.3,5886494.4,2026-02-03 17:02:16,2026-07-14 16:23:49
PALM JABAL ALI,Commercial,185,3099.9,3276.3,428.6,4336.2,39095347.1,2026-01-02 11:22:10,2026-07-17 11:30:02
PALM JABAL ALI,Flat,144,3491.7,3488.4,362.7,4064.8,6291446.5,2026-01-02 13:20:51,2026-07-17 11:52:20
PALM JUMEIRAH,Commercial,47,4009.1,4366.7,600.2,6747.7,29557096.5,2026-01-09 11:05:09,2026-07-16 13:55:44
PALM JUMEIRAH,Flat,490,3518.8,3268.7,125.3,6748.3,7437701.5,2026-01-05 11:22:04,2026-07-16 11:48:12
PALM JUMEIRAH,Hotel Apartment,31,2604.9,2442.0,119.4,5035.0,2628582.4,2026-01-07 12:49:42,2026-07-15 13:18:33
PALM JUMEIRAH,Hotel Rooms,5,2490.2,2417.7,2312.0,2831.2,1072240.2,2026-02-09 16:42:16,2026-05-22 15:26:31
PALM JUMEIRAH,Villa,3,5299.3,6283.0,3177.5,6437.2,67866666.7,2026-02-12 14:03:34,2026-05-18 13:29:50
PALMAROSA,Villa,1,1005.7,1005.7,1005.7,1005.7,3500000.0,2026-02-04 11:35:33,2026-02-04 11:35:33
PEARL JUMEIRA,Flat,2,4719.2,4719.2,4594.3,4844.0,8750000.0,2026-02-03 15:34:31,2026-02-17 12:44:39
PEARL JUMEIRA,Land,4,1864.3,1821.8,1700.2,2113.6,24427500.0,2026-01-15 13:18:59,2026-06-12 11:32:57
PEARL JUMEIRA,Residential / Residential Villa,1,5205.0,5205.0,5205.0,5205.0,50000000.0,2026-04-30 11:04:39,2026-04-30 11:04:39
POLO TOWNHOUSES IGO,Commercial,5,1815.8,1860.9,1607.0,1955.0,5270000.0,2026-03-18 11:51:08,2026-05-15 14:17:20
PORT SAEED,Commercial,1,1086.6,1086.6,1086.6,1086.6,4900000.0,2026-06-13 14:55:59,2026-06-13 14:55:59
PORT SAEED,Office,8,1782.8,1650.8,1344.3,2514.1,2308585.2,2026-02-24 13:06:14,2026-06-11 11:48:45
RAS AL KHOR INDUSTRIAL FIRST,Flat,154,2383.9,2400.0,1065.0,3040.6,2577743.7,2026-01-03 14:29:39,2026-07-17 16:48:49
RAS AL KHOR INDUSTRIAL FIRST,Industrial,1,411.1,411.1,411.1,411.1,19177391.0,2026-05-04 10:33:28,2026-05-04 10:33:28
RAS AL KHOR INDUSTRIAL FIRST,Shop,1,6500.0,6500.0,6500.0,6500.0,9516715.0,2026-06-17 13:54:36,2026-06-17 13:54:36
RAS AL KHOR INDUSTRIAL THIRD,Industrial,1,3067.2,3067.2,3067.2,3067.2,30000000.0,2026-04-01 13:27:54,2026-04-01 13:27:54
REGA AL BUTEEN,Flat,1,980.5,980.5,980.5,980.5,905000.0,2026-01-21 12:18:13,2026-01-21 12:18:13
REMRAAM,Flat,130,968.3,965.9,587.0,1571.1,951638.6,2026-01-02 09:04:42,2026-07-16 11:22:24
RUKAN,Villa,19,1316.2,1282.4,746.1,1970.7,1615263.2,2026-01-07 12:26:41,2026-06-12 11:34:28
SAIH SHUAIB 1,Villa,365,2575.5,2712.4,1464.7,3400.5,7951537.5,2026-04-20 14:20:56,2026-07-13 17:05:33
SAIH SHUAIB 2,Industrial,15,188.5,166.8,166.7,493.0,19915782.4,2026-01-08 19:56:54,2026-03-05 03:36:14
SAIH SHUAIB 3,Industrial,8,194.9,158.1,154.0,300.0,121539880.0,2026-04-28 14:54:08,2026-07-03 08:46:57
SAIH SHUAIB 4,Industrial,2,138.7,138.7,110.6,166.8,6348016.5,2026-03-05 03:34:53,2026-04-07 00:00:00
SAMA AL JADAF,Commercial,11,2445.9,2608.9,125.1,3924.0,72825525.1,2026-01-12 15:32:15,2026-07-17 13:33:34
SAMA AL JADAF,Flat,590,2142.9,2201.4,1471.3,2707.2,1223046.9,2026-01-05 14:02:59,2026-07-17 15:33:03
SAMA AL JADAF,Shop,5,4576.5,4639.0,4188.0,4724.9,3520103.4,2026-01-07 14:51:50,2026-06-23 10:38:36
SERENA,Villa,48,1275.8,1286.4,981.1,1478.7,3141510.4,2026-01-05 11:57:05,2026-07-17 12:53:44
SILICON OASIS,Commercial,21,1143.3,1217.6,97.1,2784.3,15876728.7,2026-01-09 08:42:18,2026-07-13 10:24:23
SILICON OASIS,Flat,855,1183.8,1148.3,336.3,2121.7,1125554.2,2026-01-02 10:49:42,2026-07-18 09:22:47
SILICON OASIS,Government Housing,2,931.2,931.2,833.6,1028.9,40889271.5,2026-04-15 13:45:35,2026-04-15 15:20:36
SILICON OASIS,Office,68,1022.0,1050.6,257.8,1466.4,1173386.3,2026-01-02 11:13:09,2026-06-25 11:54:08
SILICON OASIS,Shop,12,2287.0,2711.0,780.3,3049.2,3075226.0,2026-01-06 18:15:01,2026-07-13 10:10:14
SOBHA HEARTLAND,Flat,546,1972.6,2008.1,82.8,3691.4,2013650.4,2026-01-02 10:38:59,2026-07-17 10:26:53
SOBHA HEARTLAND,Residential,8,2714.6,3076.6,948.7,3487.5,22218750.0,2026-01-22 16:14:25,2026-07-15 15:11:07
SOBHA HEARTLAND,Shop,15,4205.9,4000.0,2012.1,5854.0,9427857.3,2026-01-28 14:00:24,2026-06-30 12:31:41
SOBHA HEARTLAND,Villa,1,3860.0,3860.0,3860.0,3860.0,8400000.0,2026-04-22 13:12:14,2026-04-22 13:12:14
SUFOUH GARDENS,Commercial,5,1837.7,1793.1,403.9,3698.5,23860000.0,2026-01-06 10:53:53,2026-02-23 12:14:35
SUFOUH GARDENS,Flat,26,1552.0,1646.1,619.2,1842.0,2071924.5,2026-01-07 12:51:44,2026-07-17 11:30:56
SUFOUH GARDENS,Hotel Apartment,61,2585.6,2583.4,1658.0,3273.4,2838923.4,2026-01-06 13:09:58,2026-07-03 16:11:00
SUFOUH GARDENS,Shop,1,1126.6,1126.6,1126.6,1126.6,1500000.0,2026-06-16 14:34:28,2026-06-16 14:34:28
SUSTAINABLE CITY,Villa,14,2008.1,2136.9,1330.4,2550.0,4979686.6,2026-01-15 14:44:53,2026-07-16 13:45:51
TECOM SITE A,Flat,104,2894.1,2577.4,1541.0,5108.3,5603776.9,2026-01-05 11:10:46,2026-07-14 13:11:09
TECOM SITE A,Office,506,4242.7,4102.9,3319.1,5681.6,2928223.7,2026-01-19 17:53:15,2026-07-15 12:29:59
TECOM SITE A,Shop,10,4941.6,5362.5,3500.0,5720.0,8185814.4,2026-01-08 12:18:50,2026-04-23 16:25:09
TECOM SITE D,Flat,7,2309.4,2430.1,1643.9,2807.7,2150934.3,2026-01-09 12:05:20,2026-05-22 10:54:24
THE FIELD,Villa,69,1590.8,1612.9,645.2,2034.5,3794430.6,2026-01-08 10:34:04,2026-07-10 15:01:11
THE GREENS,Flat,219,1850.4,1836.0,102.8,3062.3,2022568.1,2026-01-02 11:31:13,2026-07-17 14:01:11
THE GREENS,Office,6,3951.4,4099.2,3484.1,4307.1,5618083.3,2026-01-30 10:33:48,2026-06-11 11:07:53
THE LAKES,Flat,42,2480.1,2464.8,905.3,3464.3,3987399.4,2026-01-06 12:16:05,2026-07-16 11:12:14
THE LAKES,Government Housing,1,2836.8,2836.8,2836.8,2836.8,16700000.0,2026-02-09 09:49:35,2026-02-09 09:49:35
THE LAKES,Hotel Apartment,4,2969.2,2721.4,2580.8,3853.3,6350000.0,2026-01-21 16:03:24,2026-06-24 13:14:45
THE LAKES,Villa,19,2191.9,2195.5,1309.7,2968.7,7457894.7,2026-01-06 13:56:29,2026-07-09 14:19:23
THE VALLEY,Villa,61,1398.9,1441.6,1159.4,1708.6,3063934.3,2026-01-02 11:42:54,2026-06-29 13:45:25
THE VILLA,Residential,49,1013.7,1012.8,115.1,1715.6,7691538.5,2026-01-07 10:02:17,2026-07-16 12:34:54
THE WORLD,Hotel Rooms,16,4507.5,4586.4,3196.8,5744.3,2395108.1,2026-01-06 17:25:09,2026-06-25 17:17:11
THE WORLD,Villa,7,2541.1,2692.9,1697.5,3787.8,90795000.0,2026-01-16 11:00:11,2026-06-26 19:22:06
TILAL AL GHAF,General Use,10,2094.5,1967.5,1841.1,2533.9,10775000.0,2026-01-14 12:27:19,2026-07-13 10:53:17
TILAL AL GHAF,Villa,28,2196.5,2076.1,1731.0,2765.9,4144772.3,2026-01-12 11:45:51,2026-07-09 10:16:05
TOWN SQUARE,Flat,311,1351.4,1324.3,561.8,1886.4,1133791.7,2026-01-02 08:44:57,2026-07-18 11:48:03
TOWN SQUARE,Villa,54,1271.6,1305.6,494.4,1559.2,2827998.9,2026-01-13 10:55:28,2026-07-18 11:36:02
TRADE CENTER FIRST,Flat,84,3529.6,3471.4,2224.2,5336.5,3473776.2,2026-01-12 13:55:45,2026-07-16 18:14:24
TRADE CENTER FIRST,Office,25,4726.1,5043.9,1727.2,6102.4,10954132.8,2026-01-23 13:11:55,2026-07-14 10:57:10
TRADE CENTER SECOND,Flat,47,4060.2,4987.3,1184.8,5705.7,6731255.3,2026-01-06 10:30:31,2026-07-16 16:47:47
TRADE CENTER SECOND,Office,76,4777.9,4771.8,3915.9,6525.7,22101320.5,2026-01-26 21:01:06,2026-05-11 18:38:21
UM AL SHEIF,Residential,10,1324.1,1057.4,880.0,2333.3,22633520.0,2026-01-12 14:31:32,2026-07-08 15:15:28
UM HURAIR FIRST,Commercial,1,120.1,120.1,120.1,120.1,5861072.6,2026-05-22 11:04:42,2026-05-22 11:04:42
UM RAMOOL,Industrial,1,462.5,462.5,462.5,462.5,18500000.0,2026-01-06 09:35:43,2026-01-06 09:35:43
UM SUQAIM FIRST,Residential,6,1158.5,1120.1,931.7,1400.8,28260000.0,2026-01-15 13:09:44,2026-05-21 14:04:05
UM SUQAIM SECOND,Government Housing,1,104.4,104.4,104.4,104.4,777790.0,2026-02-17 15:28:51,2026-02-17 15:28:51
UM SUQAIM SECOND,Residential,3,893.8,800.0,781.3,1100.0,21853452.3,2026-01-22 14:44:33,2026-03-10 10:18:17
UM SUQAIM THIRD,Flat,287,2895.3,2791.9,138.1,5142.9,3889701.4,2026-01-05 11:01:41,2026-07-18 12:37:12
UM SUQAIM THIRD,Residential,2,1260.2,1260.2,1013.5,1506.9,18750000.0,2026-02-10 12:02:11,2026-07-01 16:20:50
VILLANOVA,Residential,4,1324.1,1338.4,1133.3,1486.5,5681250.0,2026-01-06 13:41:41,2026-05-20 10:00:24
VILLANOVA,Villa,104,1474.6,1449.8,780.7,1861.8,3203557.7,2026-01-02 10:40:38,2026-07-17 14:18:10
WADI AL AMARDI,Agricultural,1,112.5,112.5,112.5,112.5,18000000.0,2026-07-13 14:33:48,2026-07-13 14:33:48
WADI AL SAFA 2,Flat,21,1218.6,1235.6,915.2,1454.0,1382113.0,2026-01-05 17:27:35,2026-06-19 15:21:16
WADI AL SAFA 2,Residential,14,1972.1,1955.3,1669.7,2611.2,9932303.1,2026-01-02 11:42:55,2026-07-09 14:35:57
WADI AL SAFA 2,Shop,5,3716.0,3500.0,3290.0,5000.0,6512367.0,2026-05-12 12:40:39,2026-07-17 11:57:47
WADI AL SAFA 2,Villa,25,1267.5,1260.7,789.2,2172.3,1337260.1,2026-01-10 10:37:16,2026-07-17 08:28:05
WADI AL SAFA 3,Flat,271,1655.7,1807.2,637.7,2437.5,1886096.6,2026-01-05 13:26:06,2026-07-17 17:39:52
WADI AL SAFA 3,Government Housing,4,1618.7,1837.7,510.0,2289.4,45199000.0,2026-02-23 10:55:10,2026-04-06 17:30:16
WADI AL SAFA 3,Residential,122,1647.0,1577.3,88.1,3468.1,9955410.3,2026-01-03 14:04:25,2026-07-17 09:08:06
WADI AL SAFA 3,Shop,4,2728.5,3070.0,1390.5,3383.5,2938843.7,2026-01-23 13:46:40,2026-04-23 19:24:24
WADI AL SAFA 3,Villa,197,2957.8,2852.2,713.2,5924.1,9484974.7,2026-01-03 12:52:03,2026-07-16 16:09:05
WADI AL SAFA 4,Flat,554,1883.3,1934.9,886.7,2446.8,2515370.8,2026-01-02 11:02:59,2026-07-17 20:02:34
WADI AL SAFA 4,Residential,10,542.2,400.0,399.8,1283.3,16837120.0,2026-07-04 13:19:11,2026-07-07 12:49:17
WADI AL SAFA 4,Villa,16,1426.0,1451.5,791.7,1715.3,4325278.1,2026-01-20 11:06:29,2026-07-16 12:37:37
WADI AL SAFA 5,Flat,316,1594.3,1626.6,861.2,1934.6,2222558.5,2026-01-05 15:28:42,2026-07-10 14:20:16
WADI AL SAFA 5,Land,3,1419.3,1472.9,1281.7,1503.3,7366666.7,2026-04-17 12:38:20,2026-07-16 10:45:40
WADI AL SAFA 5,Residential,117,1408.1,1398.1,826.0,2103.1,8186752.1,2026-01-06 10:29:58,2026-07-15 09:40:53
WADI AL SAFA 5,Villa,296,1560.5,1599.4,251.4,2708.1,3524210.5,2026-01-02 11:16:44,2026-07-16 11:41:58
WADI AL SAFA 7,Flat,40,1173.1,1164.2,875.1,1575.6,702334.9,2026-01-07 10:38:28,2026-07-17 11:07:59
WADI AL SAFA 7,Residential,39,1368.4,1431.9,377.5,1751.7,8851721.2,2026-01-02 10:15:08,2026-07-15 11:31:40
WADI AL SAFA 7,Villa,178,1347.5,1343.9,428.3,2139.3,1281916.4,2026-01-02 10:01:55,2026-07-17 10:28:40
WARSAN FIRST,Flat,250,1314.7,1366.1,811.6,1535.9,648947.9,2026-01-02 11:13:03,2026-07-17 12:56:20
WARSAN FIRST,General Use,1,1090.5,1090.5,1090.5,1090.5,21058000.0,2026-01-05 12:35:22,2026-01-05 12:35:22
WARSAN FIRST,Office,19,1483.9,1539.9,1220.0,1718.1,1560011.8,2026-05-20 12:43:33,2026-07-18 12:30:30
WARSAN FIRST,Shop,2,1748.3,1748.3,1736.6,1760.0,1450000.0,2026-06-18 14:57:22,2026-06-18 16:50:04
WARSAN FOURTH,Commercial,1,88.7,88.7,88.7,88.7,1747968.0,2026-02-13 16:52:13,2026-02-13 16:52:13
WARSAN FOURTH,Flat,6,1136.5,1179.3,885.0,1400.0,870441.7,2026-01-21 16:28:25,2026-07-17 17:00:52
ZAABEEL FIRST,Flat,52,3274.6,3033.6,145.9,6199.5,5052395.6,2026-01-08 13:54:03,2026-07-16 12:13:55
ZAABEEL FIRST,Hotel Apartment,3,6098.6,6305.5,5679.5,6310.9,7983333.3,2026-02-11 15:00:54,2026-04-20 15:56:28
ZAABEEL SECOND,Flat,587,3158.6,3154.2,132.6,5030.0,4231112.4,2026-01-06 13:56:09,2026-07-16 11:35:14
